sample_id,group_id,antibiotic,label,marker_count,mutation_count,target_confirmed
562.100183,grp_0001,ciprofloxacin,1,1,4,1
562.100183,grp_0001,gentamicin,1,2,0,1
562.100223,grp_0002,ciprofloxacin,0,0,0,1
562.100223,grp_0002,gentamicin,0,0,0,1
562.100314,grp_0003,ciprofloxacin,0,0,0,1
562.100314,grp_0003,gentamicin,0,0,0,1
562.100338,grp_0004,ciprofloxacin,0,0,0,1
562.100338,grp_0004,gentamicin,0,0,0,1
562.100384,grp_0005,ciprofloxacin,0,0,0,1
562.100384,grp_0005,gentamicin,0,0,0,1
562.100421,grp_0003,ciprofloxacin,0,0,0,1
562.100442,grp_0005,gentamicin,1,1,0,1
562.100453,grp_0006,ciprofloxacin,0,0,0,1
562.100453,grp_0006,gentamicin,0,0,0,1
562.100488,grp_0001,ciprofloxacin,1,0,1,1
562.100488,grp_0001,gentamicin,0,0,0,1
562.100523,grp_0007,ciprofloxacin,0,0,0,1
562.100523,grp_0007,gentamicin,0,0,0,1
562.100554,grp_0001,ciprofloxacin,1,1,4,1
562.100554,grp_0001,gentamicin,1,2,0,1
562.100583,grp_0001,ciprofloxacin,1,0,4,1
562.100583,grp_0001,gentamicin,0,0,0,1
562.100598,grp_0008,ciprofloxacin,0,0,0,1
562.100598,grp_0008,gentamicin,0,0,0,1
562.100615,grp_0005,ciprofloxacin,0,0,0,1
562.100615,grp_0005,gentamicin,0,0,0,1
562.100704,grp_0004,ciprofloxacin,1,0,3,1
562.100704,grp_0004,gentamicin,1,1,0,1
562.100715,grp_0004,ciprofloxacin,1,0,3,1
562.100715,grp_0004,gentamicin,1,1,0,1
562.100734,grp_0005,ciprofloxacin,1,0,3,1
562.100734,grp_0005,gentamicin,0,0,0,1
562.100836,grp_0005,ciprofloxacin,0,0,1,1
562.100836,grp_0005,gentamicin,1,1,0,1
562.100843,grp_0001,gentamicin,0,0,0,1
562.100875,grp_0008,ciprofloxacin,0,0,0,1
562.100875,grp_0008,gentamicin,0,0,0,1
562.100894,grp_0009,ciprofloxacin,0,0,0,1
562.100894,grp_0009,gentamicin,0,0,0,1
562.100916,grp_0010,ciprofloxacin,0,0,0,1
562.100916,grp_0010,gentamicin,0,0,0,1
562.140831,grp_0001,ciprofloxacin,1,0,4,1
562.140831,grp_0001,ceftriaxone,0,0,0,1
562.140831,grp_0001,gentamicin,0,0,0,1
562.140840,grp_0001,ciprofloxacin,1,0,3,1
562.140840,grp_0001,ceftriaxone,0,0,0,1
562.140840,grp_0001,gentamicin,1,1,0,1
562.140841,grp_0001,ciprofloxacin,1,0,3,1
562.140841,grp_0001,ceftriaxone,0,0,0,1
562.140841,grp_0001,gentamicin,1,1,0,1
562.140842,grp_0001,ciprofloxacin,1,0,3,1
562.140842,grp_0001,ceftriaxone,0,0,0,1
562.140842,grp_0001,gentamicin,1,1,0,1
562.140846,grp_0001,ciprofloxacin,1,0,3,1
562.140846,grp_0001,ceftriaxone,0,0,0,1
562.140846,grp_0001,gentamicin,1,1,0,1
562.140850,grp_0001,ciprofloxacin,1,0,3,1
562.140850,grp_0001,ceftriaxone,0,0,0,1
562.140850,grp_0001,gentamicin,1,1,0,1
562.140851,grp_0001,ciprofloxacin,1,0,4,1
562.140851,grp_0001,ceftriaxone,1,1,0,1
562.140851,grp_0001,gentamicin,0,0,0,1
562.140854,grp_0001,ciprofloxacin,1,0,4,1
562.140854,grp_0001,ceftriaxone,1,1,0,1
562.140854,grp_0001,gentamicin,0,0,0,1
562.140871,grp_0001,ciprofloxacin,1,1,4,1
562.140871,grp_0001,ceftriaxone,1,1,0,1
562.140871,grp_0001,gentamicin,0,1,0,1
562.140875,grp_0001,ciprofloxacin,1,1,4,1
562.140875,grp_0001,ceftriaxone,1,1,0,1
562.140875,grp_0001,gentamicin,0,1,0,1
562.140879,grp_0001,ciprofloxacin,1,0,4,1
562.140879,grp_0001,ceftriaxone,1,1,0,1
562.140879,grp_0001,gentamicin,0,0,0,1
562.140881,grp_0001,ciprofloxacin,1,1,4,1
562.140881,grp_0001,ceftriaxone,1,1,0,1
562.140881,grp_0001,gentamicin,0,1,0,1
562.140887,grp_0001,ciprofloxacin,1,1,4,1
562.140887,grp_0001,ceftriaxone,1,1,0,1
562.140887,grp_0001,gentamicin,0,1,0,1
562.140899,grp_0001,ciprofloxacin,1,0,4,1
562.140899,grp_0001,ceftriaxone,1,1,0,1
562.140899,grp_0001,gentamicin,0,0,0,1
562.140901,grp_0011,ciprofloxacin,1,1,3,1
562.140901,grp_0011,ceftriaxone,1,1,0,1
562.140901,grp_0011,gentamicin,1,2,0,1
562.140903,grp_0001,ciprofloxacin,1,0,4,1
562.140903,grp_0001,ceftriaxone,1,1,0,1
562.140903,grp_0001,gentamicin,0,0,0,1
562.140906,grp_0001,ciprofloxacin,1,0,4,1
562.140906,grp_0001,ceftriaxone,1,1,0,1
562.140906,grp_0001,gentamicin,0,0,0,1
562.140908,grp_0011,ciprofloxacin,1,0,4,1
562.140908,grp_0011,ceftriaxone,1,1,0,1
562.140908,grp_0011,gentamicin,0,0,0,1
562.140912,grp_0001,ciprofloxacin,1,0,4,1
562.140912,grp_0001,ceftriaxone,1,1,0,1
562.140912,grp_0001,gentamicin,0,0,0,1
562.140914,grp_0001,ciprofloxacin,1,0,4,1
562.140914,grp_0001,ceftriaxone,1,1,0,1
562.140914,grp_0001,gentamicin,0,0,0,1
562.144163,grp_0001,gentamicin,1,2,0,1
562.144196,grp_0012,gentamicin,0,0,0,1
562.144201,grp_0001,gentamicin,0,0,0,1
562.144213,grp_0001,gentamicin,1,1,0,1
562.144251,grp_0010,gentamicin,0,0,0,1
562.144265,grp_0006,gentamicin,1,2,0,1
562.144300,grp_0001,gentamicin,1,1,0,1
562.144330,grp_0007,gentamicin,1,1,0,1
562.144951,grp_0013,ciprofloxacin,0,0,0,1
562.144951,grp_0013,ceftriaxone,0,0,0,1
562.144951,grp_0013,gentamicin,0,0,0,1
562.144953,grp_0014,ciprofloxacin,0,0,0,1
562.144953,grp_0014,ceftriaxone,0,0,0,1
562.144953,grp_0014,gentamicin,0,0,0,1
562.144956,grp_0010,ciprofloxacin,0,0,0,1
562.144956,grp_0010,ceftriaxone,0,0,0,1
562.144956,grp_0010,gentamicin,0,0,0,1
562.144960,grp_0015,ciprofloxacin,0,0,0,1
562.144960,grp_0015,ceftriaxone,0,0,0,1
562.144960,grp_0015,gentamicin,0,0,0,1
562.144962,grp_0016,ciprofloxacin,0,0,0,1
562.144962,grp_0016,ceftriaxone,0,0,0,1
562.144962,grp_0016,gentamicin,0,0,0,1
562.144963,grp_0014,ciprofloxacin,0,0,0,1
562.144963,grp_0014,ceftriaxone,0,0,0,1
562.144963,grp_0014,gentamicin,0,0,0,1
562.144964,grp_0017,ciprofloxacin,0,0,0,1
562.144964,grp_0017,ceftriaxone,0,0,0,1
562.144964,grp_0017,gentamicin,0,0,0,1
562.144966,grp_0014,ciprofloxacin,0,0,0,1
562.144966,grp_0014,ceftriaxone,0,0,0,1
562.144966,grp_0014,gentamicin,0,0,0,1
562.144970,grp_0018,ciprofloxacin,0,0,0,1
562.144970,grp_0018,ceftriaxone,0,0,0,1
562.144970,grp_0018,gentamicin,0,0,0,1
562.144971,grp_0019,ciprofloxacin,0,0,0,1
562.144971,grp_0019,ceftriaxone,0,0,0,1
562.144971,grp_0019,gentamicin,0,0,0,1
562.144977,grp_0010,ciprofloxacin,0,0,0,1
562.144977,grp_0010,ceftriaxone,0,0,0,1
562.144977,grp_0010,gentamicin,0,0,0,1
562.144978,grp_0016,ciprofloxacin,0,0,0,1
562.144978,grp_0016,ceftriaxone,0,0,0,1
562.144978,grp_0016,gentamicin,0,0,0,1
562.144980,grp_0010,ciprofloxacin,0,0,0,1
562.144980,grp_0010,ceftriaxone,0,0,0,1
562.144980,grp_0010,gentamicin,0,0,0,1
562.144988,grp_0010,ciprofloxacin,0,0,0,1
562.144988,grp_0010,ceftriaxone,0,0,0,1
562.144988,grp_0010,gentamicin,0,0,0,1
562.144999,grp_0020,ciprofloxacin,0,0,0,1
562.144999,grp_0020,ceftriaxone,0,0,0,1
562.144999,grp_0020,gentamicin,0,0,0,1
562.145009,grp_0010,ciprofloxacin,0,0,0,1
562.145009,grp_0010,ceftriaxone,0,0,0,1
562.145009,grp_0010,gentamicin,0,0,0,1
562.145010,grp_0014,ciprofloxacin,0,0,1,1
562.145010,grp_0014,ceftriaxone,0,0,0,1
562.145010,grp_0014,gentamicin,0,0,0,1
562.145024,grp_0021,ciprofloxacin,1,0,3,1
562.145024,grp_0021,ceftriaxone,0,0,0,1
562.145024,grp_0021,gentamicin,0,0,0,1
562.145028,grp_0015,ciprofloxacin,0,0,0,1
562.145028,grp_0015,ceftriaxone,0,0,0,1
562.145028,grp_0015,gentamicin,0,0,0,1
562.145029,grp_0013,ciprofloxacin,0,0,0,1
562.145029,grp_0013,ceftriaxone,0,0,0,1
562.145029,grp_0013,gentamicin,0,0,0,1
562.145032,grp_0022,ciprofloxacin,0,0,0,1
562.145032,grp_0022,ceftriaxone,0,0,0,1
562.145032,grp_0022,gentamicin,0,0,0,1
562.145034,grp_0010,ciprofloxacin,0,0,0,1
562.145034,grp_0010,ceftriaxone,0,0,0,1
562.145034,grp_0010,gentamicin,0,0,0,1
562.145045,grp_0010,ciprofloxacin,0,0,0,1
562.145045,grp_0010,ceftriaxone,0,0,0,1
562.145045,grp_0010,gentamicin,0,0,0,1
562.145046,grp_0010,ciprofloxacin,0,0,0,1
562.145046,grp_0010,ceftriaxone,0,0,0,1
562.145046,grp_0010,gentamicin,0,0,0,1
562.145047,grp_0010,ciprofloxacin,0,0,0,1
562.145047,grp_0010,ceftriaxone,0,0,0,1
562.145047,grp_0010,gentamicin,0,0,0,1
562.145052,grp_0010,ciprofloxacin,0,0,0,1
562.145052,grp_0010,ceftriaxone,0,0,0,1
562.145052,grp_0010,gentamicin,0,0,0,1
562.145057,grp_0018,ciprofloxacin,0,0,0,1
562.145057,grp_0018,ceftriaxone,0,0,0,1
562.145057,grp_0018,gentamicin,0,0,0,1
562.145070,grp_0023,ciprofloxacin,1,1,2,1
562.145070,grp_0023,ceftriaxone,0,0,0,1
562.145070,grp_0023,gentamicin,0,0,0,1
562.145071,grp_0014,ciprofloxacin,0,0,0,1
562.145071,grp_0014,ceftriaxone,0,0,0,1
562.145071,grp_0014,gentamicin,0,0,0,1
562.145074,grp_0010,ciprofloxacin,0,0,0,1
562.145074,grp_0010,ceftriaxone,0,0,0,1
562.145074,grp_0010,gentamicin,0,0,0,1
562.145077,grp_0014,ciprofloxacin,0,0,0,1
562.145077,grp_0014,ceftriaxone,0,0,0,1
562.145077,grp_0014,gentamicin,0,0,0,1
562.145079,grp_0024,ciprofloxacin,0,0,0,1
562.145079,grp_0024,ceftriaxone,0,0,0,1
562.145079,grp_0024,gentamicin,0,0,0,1
562.145386,grp_0007,ciprofloxacin,0,0,0,1
562.145386,grp_0007,ceftriaxone,1,1,0,1
562.145386,grp_0007,gentamicin,0,0,0,1
562.145395,grp_0010,ciprofloxacin,0,0,0,1
562.145395,grp_0010,ceftriaxone,1,1,0,1
562.145395,grp_0010,gentamicin,1,1,0,1
562.145397,grp_0010,ciprofloxacin,0,0,0,1
562.145397,grp_0010,ceftriaxone,1,1,0,1
562.145397,grp_0010,gentamicin,1,1,0,1
562.145399,grp_0025,ciprofloxacin,0,0,0,1
562.145399,grp_0025,ceftriaxone,1,1,0,1
562.145399,grp_0025,gentamicin,0,0,0,1
562.145401,grp_0026,ciprofloxacin,0,0,0,1
562.145401,grp_0026,ceftriaxone,0,0,0,1
562.145401,grp_0026,gentamicin,0,0,0,1
562.145407,grp_0027,ciprofloxacin,0,0,1,1
562.145407,grp_0027,ceftriaxone,1,1,0,1
562.145407,grp_0027,gentamicin,1,1,0,1
562.145409,grp_0010,ciprofloxacin,0,0,0,1
562.145409,grp_0010,ceftriaxone,1,1,0,1
562.145409,grp_0010,gentamicin,1,1,0,1
562.145410,grp_0010,ciprofloxacin,0,0,0,1
562.145410,grp_0010,ceftriaxone,1,1,0,1
562.145410,grp_0010,gentamicin,1,1,0,1
562.145411,grp_0010,ciprofloxacin,0,0,0,1
562.145411,grp_0010,ceftriaxone,1,1,0,1
562.145411,grp_0010,gentamicin,1,1,0,1
562.145419,grp_0007,ciprofloxacin,0,0,0,1
562.145419,grp_0007,ceftriaxone,1,1,0,1
562.145419,grp_0007,gentamicin,0,0,0,1
562.145424,grp_0010,ciprofloxacin,0,0,0,1
562.145424,grp_0010,ceftriaxone,1,1,0,1
562.145424,grp_0010,gentamicin,1,1,0,1
562.145428,grp_0010,ciprofloxacin,0,0,0,1
562.145428,grp_0010,ceftriaxone,1,1,0,1
562.145428,grp_0010,gentamicin,1,1,0,1
562.145430,grp_0010,ciprofloxacin,0,0,0,1
562.145430,grp_0010,ceftriaxone,1,1,0,1
562.145430,grp_0010,gentamicin,1,1,0,1
562.145437,grp_0028,ciprofloxacin,0,0,0,1
562.145437,grp_0028,ceftriaxone,0,0,0,1
562.145437,grp_0028,gentamicin,0,0,0,1
562.145821,grp_0004,ciprofloxacin,0,0,0,1
562.145821,grp_0004,ceftriaxone,0,0,0,1
562.145821,grp_0004,gentamicin,0,0,0,1
562.16324,grp_0010,ciprofloxacin,1,0,3,1
562.16324,grp_0010,ceftriaxone,1,1,0,1
562.16324,grp_0010,gentamicin,1,3,0,1
562.17359,grp_0001,ciprofloxacin,1,0,4,1
562.17359,grp_0001,gentamicin,0,0,0,1
562.17621,grp_0014,ciprofloxacin,1,0,3,1
562.17621,grp_0014,ceftriaxone,1,1,0,1
562.17621,grp_0014,gentamicin,0,0,0,1
562.19081,grp_0001,ceftriaxone,1,1,0,1
562.19082,grp_0001,ceftriaxone,1,1,0,1
562.19083,grp_0029,ceftriaxone,1,1,0,1
562.19086,grp_0001,ceftriaxone,1,1,0,1
562.19632,grp_0001,ciprofloxacin,1,0,4,1
562.19632,grp_0001,ceftriaxone,1,0,0,1
562.19632,grp_0001,gentamicin,1,1,0,1
562.19633,grp_0010,ciprofloxacin,1,1,3,1
562.19633,grp_0010,ceftriaxone,1,4,0,1
562.19633,grp_0010,gentamicin,1,6,0,1
562.19821,grp_0014,ciprofloxacin,1,0,3,1
562.19821,grp_0014,ceftriaxone,1,1,0,1
562.19821,grp_0014,gentamicin,0,0,0,1
562.22434,grp_0030,ciprofloxacin,1,0,3,1
562.22434,grp_0030,gentamicin,0,0,0,1
562.22442,grp_0001,ciprofloxacin,1,1,4,1
562.22442,grp_0001,gentamicin,0,1,0,1
562.22483,grp_0001,ciprofloxacin,1,0,4,1
562.22483,grp_0001,gentamicin,0,0,0,1
562.22501,grp_0006,ciprofloxacin,1,0,3,1
562.22501,grp_0006,gentamicin,0,0,0,1
562.22538,grp_0003,ciprofloxacin,0,0,1,1
562.22538,grp_0003,gentamicin,0,0,0,1
562.22555,grp_0001,ciprofloxacin,0,0,0,1
562.22555,grp_0001,gentamicin,0,0,0,1
562.22590,grp_0001,ciprofloxacin,0,0,0,1
562.22590,grp_0001,gentamicin,0,0,0,1
562.22599,grp_0009,ciprofloxacin,0,0,0,1
562.22599,grp_0009,gentamicin,0,0,0,1
562.22646,grp_0001,ciprofloxacin,0,0,1,1
562.22646,grp_0001,gentamicin,0,0,0,1
562.22647,grp_0003,ciprofloxacin,1,0,3,1
562.22647,grp_0003,gentamicin,0,0,0,1
562.22649,grp_0003,ciprofloxacin,0,0,0,1
562.22649,grp_0003,gentamicin,0,0,0,1
562.22655,grp_0001,ciprofloxacin,1,1,4,1
562.22655,grp_0001,gentamicin,1,2,0,1
562.22732,grp_0003,ciprofloxacin,0,0,0,1
562.22732,grp_0003,gentamicin,0,0,0,1
562.22745,grp_0009,ciprofloxacin,0,0,0,1
562.22745,grp_0009,gentamicin,0,0,0,1
562.22865,grp_0006,ciprofloxacin,1,0,3,1
562.22865,grp_0006,ciprofloxacin,1,0,3,1
562.22865,grp_0006,gentamicin,1,1,0,1
562.22881,grp_0014,ciprofloxacin,0,0,0,1
562.22881,grp_0014,ciprofloxacin,0,0,0,1
562.22881,grp_0014,gentamicin,0,0,0,1
562.22927,grp_0010,ciprofloxacin,1,0,3,1
562.22927,grp_0010,ciprofloxacin,1,0,3,1
562.22927,grp_0010,gentamicin,0,0,0,1
562.22934,grp_0006,ciprofloxacin,0,0,0,1
562.22934,grp_0006,ciprofloxacin,0,0,0,1
562.22934,grp_0006,gentamicin,0,0,0,1
562.22971,grp_0006,ciprofloxacin,0,0,0,1
562.22971,grp_0006,ciprofloxacin,0,0,0,1
562.22971,grp_0006,gentamicin,0,0,0,1
562.22973,grp_0009,ciprofloxacin,0,0,0,1
562.22973,grp_0009,ciprofloxacin,0,0,0,1
562.22973,grp_0009,gentamicin,0,0,0,1
562.23001,grp_0009,ciprofloxacin,0,0,0,1
562.23001,grp_0009,ciprofloxacin,0,0,0,1
562.23001,grp_0009,gentamicin,0,0,0,1
562.23080,grp_0009,ciprofloxacin,0,0,1,1
562.23080,grp_0009,ciprofloxacin,1,0,1,1
562.23080,grp_0009,gentamicin,0,0,0,1
562.23122,grp_0003,ciprofloxacin,0,0,0,1
562.23122,grp_0003,ciprofloxacin,0,0,0,1
562.23122,grp_0003,gentamicin,0,0,0,1
562.23136,grp_0009,ciprofloxacin,0,0,0,1
562.23136,grp_0009,ciprofloxacin,0,0,0,1
562.23136,grp_0009,gentamicin,0,0,0,1
562.23346,grp_0001,ciprofloxacin,0,0,0,1
562.23346,grp_0001,ciprofloxacin,0,0,0,1
562.23346,grp_0001,gentamicin,0,0,0,1
562.23371,grp_0001,ciprofloxacin,1,0,4,1
562.23371,grp_0001,ciprofloxacin,1,0,4,1
562.23371,grp_0001,gentamicin,1,1,0,1
562.23390,grp_0005,ciprofloxacin,0,0,1,1
562.23390,grp_0005,ciprofloxacin,0,0,1,1
562.23390,grp_0005,gentamicin,0,0,0,1
562.23391,grp_0011,ciprofloxacin,1,1,3,1
562.23391,grp_0011,ciprofloxacin,1,1,3,1
562.23391,grp_0011,gentamicin,1,2,0,1
562.23398,grp_0001,ciprofloxacin,1,1,4,1
562.23398,grp_0001,ciprofloxacin,1,1,4,1
562.23398,grp_0001,gentamicin,1,2,0,1
562.23410,grp_0001,ciprofloxacin,1,0,4,1
562.23410,grp_0001,ciprofloxacin,1,0,4,1
562.23410,grp_0001,gentamicin,0,0,0,1
562.23435,grp_0011,ciprofloxacin,1,1,3,1
562.23435,grp_0011,ciprofloxacin,1,1,3,1
562.23435,grp_0011,gentamicin,0,1,0,1
562.23474,grp_0001,ciprofloxacin,1,0,4,1
562.23474,grp_0001,ciprofloxacin,1,0,4,1
562.23474,grp_0001,gentamicin,0,0,0,1
562.23481,grp_0030,ciprofloxacin,1,0,3,1
562.23481,grp_0030,ciprofloxacin,1,0,3,1
562.23481,grp_0030,gentamicin,0,0,0,1
562.23563,grp_0009,ciprofloxacin,0,0,0,1
562.23563,grp_0009,ciprofloxacin,0,0,0,1
562.23563,grp_0009,gentamicin,0,0,0,1
562.23577,grp_0004,ciprofloxacin,0,0,0,1
562.23577,grp_0004,ciprofloxacin,0,0,0,1
562.23577,grp_0004,gentamicin,0,0,0,1
562.23580,grp_0007,ciprofloxacin,1,0,1,1
562.23580,grp_0007,gentamicin,0,0,0,1
562.23633,grp_0001,ciprofloxacin,0,0,2,1
562.23633,grp_0001,ciprofloxacin,1,0,2,1
562.23633,grp_0001,gentamicin,0,0,0,1
562.23640,grp_0006,ciprofloxacin,1,1,3,1
562.23640,grp_0006,ciprofloxacin,1,1,3,1
562.23640,grp_0006,gentamicin,1,2,0,1
562.23737,grp_0001,ciprofloxacin,1,0,4,1
562.23737,grp_0001,ciprofloxacin,1,0,4,1
562.23737,grp_0001,gentamicin,0,0,0,1
562.23760,grp_0001,ciprofloxacin,1,0,4,1
562.23760,grp_0001,ciprofloxacin,1,0,4,1
562.23760,grp_0001,gentamicin,1,1,0,1
562.23812,grp_0009,ciprofloxacin,0,0,0,1
562.23812,grp_0009,ciprofloxacin,0,0,0,1
562.23812,grp_0009,gentamicin,0,0,0,1
562.23825,grp_0001,ciprofloxacin,0,0,0,1
562.23825,grp_0001,ciprofloxacin,0,0,0,1
562.23825,grp_0001,gentamicin,0,0,0,1
562.23836,grp_0014,ciprofloxacin,0,0,0,1
562.23836,grp_0014,ciprofloxacin,0,0,0,1
562.23836,grp_0014,gentamicin,0,0,0,1
562.23837,grp_0031,ciprofloxacin,1,0,5,1
562.23837,grp_0031,ciprofloxacin,1,0,5,1
562.23837,grp_0031,gentamicin,0,0,0,1
562.23874,grp_0001,ciprofloxacin,1,1,4,1
562.23874,grp_0001,ciprofloxacin,1,1,4,1
562.23874,grp_0001,gentamicin,0,1,0,1
562.23878,grp_0010,ciprofloxacin,0,0,0,1
562.23878,grp_0010,ciprofloxacin,0,0,0,1
562.23878,grp_0010,gentamicin,0,0,0,1
562.28565,grp_0007,ciprofloxacin,0,0,0,1
562.28565,grp_0007,ceftriaxone,0,0,0,1
562.28565,grp_0007,gentamicin,0,0,0,1
562.28845,grp_0001,ciprofloxacin,1,1,4,1
562.28845,grp_0001,ceftriaxone,1,1,0,1
562.28845,grp_0001,gentamicin,1,2,0,1
562.29003,grp_0001,ciprofloxacin,1,0,4,1
562.29003,grp_0001,ceftriaxone,0,0,0,1
562.29003,grp_0001,gentamicin,0,0,0,1
562.29008,grp_0006,ciprofloxacin,1,1,3,1
562.29008,grp_0006,ceftriaxone,1,1,0,1
562.29008,grp_0006,gentamicin,0,1,0,1
562.29139,grp_0001,ciprofloxacin,1,0,4,1
562.29139,grp_0001,ceftriaxone,1,1,0,1
562.29139,grp_0001,gentamicin,0,0,0,1
562.31451,grp_0014,ciprofloxacin,1,1,3,1
562.31451,grp_0014,ceftriaxone,1,1,0,1
562.31451,grp_0014,gentamicin,1,2,0,1
562.31465,grp_0009,ciprofloxacin,0,0,0,1
562.31465,grp_0009,ceftriaxone,0,0,0,1
562.31465,grp_0009,gentamicin,0,0,0,1
562.33280,grp_0032,ciprofloxacin,0,0,0,1
562.33280,grp_0032,ceftriaxone,1,4,0,1
562.33280,grp_0032,gentamicin,0,0,0,1
562.34088,grp_0011,ciprofloxacin,1,0,4,1
562.34088,grp_0011,ceftriaxone,0,0,0,1
562.34088,grp_0011,gentamicin,0,0,0,1
562.37112,grp_0010,ciprofloxacin,1,0,3,1
562.37112,grp_0010,ceftriaxone,1,0,0,1
562.37112,grp_0010,gentamicin,0,0,0,1
562.42637,grp_0001,ciprofloxacin,1,0,4,1
562.42637,grp_0001,ceftriaxone,1,1,0,1
562.42637,grp_0001,gentamicin,0,0,0,1
562.42644,grp_0001,ciprofloxacin,1,0,4,1
562.42644,grp_0001,ceftriaxone,1,1,0,1
562.42644,grp_0001,gentamicin,0,0,0,1
562.42645,grp_0001,ciprofloxacin,1,0,4,1
562.42645,grp_0001,ceftriaxone,1,1,0,1
562.42645,grp_0001,gentamicin,0,0,0,1
562.42650,grp_0001,ciprofloxacin,1,1,1,1
562.42650,grp_0001,ceftriaxone,1,1,0,1
562.42650,grp_0001,gentamicin,0,0,0,1
562.42651,grp_0011,ciprofloxacin,1,0,3,1
562.42651,grp_0011,ceftriaxone,1,1,0,1
562.42651,grp_0011,gentamicin,0,0,0,1
562.42658,grp_0020,ciprofloxacin,1,0,3,1
562.42658,grp_0020,ceftriaxone,1,1,0,1
562.42658,grp_0020,gentamicin,0,0,0,1
562.42660,grp_0010,ciprofloxacin,1,1,3,1
562.42660,grp_0010,ceftriaxone,1,0,0,1
562.42660,grp_0010,gentamicin,1,3,0,1
562.42670,grp_0001,ciprofloxacin,1,1,4,1
562.42670,grp_0001,ceftriaxone,1,1,0,1
562.42670,grp_0001,gentamicin,1,2,0,1
562.42675,grp_0001,ciprofloxacin,1,1,4,1
562.42675,grp_0001,ceftriaxone,1,3,0,1
562.42675,grp_0001,gentamicin,1,2,0,1
562.42683,grp_0001,ciprofloxacin,1,0,4,1
562.42683,grp_0001,ceftriaxone,1,1,0,1
562.42683,grp_0001,gentamicin,0,0,0,1
562.42685,grp_0014,ciprofloxacin,1,1,3,1
562.42685,grp_0014,ceftriaxone,1,1,0,1
562.42685,grp_0014,gentamicin,1,2,0,1
562.42688,grp_0033,ciprofloxacin,0,0,0,1
562.42688,grp_0033,ceftriaxone,1,1,0,1
562.42688,grp_0033,gentamicin,1,2,0,1
562.42691,grp_0005,ciprofloxacin,0,1,0,1
562.42691,grp_0005,ceftriaxone,0,1,0,1
562.42691,grp_0005,gentamicin,0,0,0,1
562.42704,grp_0001,ciprofloxacin,0,0,0,1
562.42704,grp_0001,ceftriaxone,1,1,0,1
562.42704,grp_0001,gentamicin,0,0,0,1
562.42710,grp_0006,ciprofloxacin,1,0,3,1
562.42710,grp_0006,ceftriaxone,1,2,0,1
562.42710,grp_0006,gentamicin,0,0,0,1
562.42712,grp_0001,ciprofloxacin,1,0,4,1
562.42712,grp_0001,ceftriaxone,1,1,0,1
562.42712,grp_0001,gentamicin,0,0,0,1
562.42716,grp_0034,ciprofloxacin,0,0,1,1
562.42716,grp_0034,ceftriaxone,1,1,0,1
562.42716,grp_0034,gentamicin,0,0,0,1
562.42718,grp_0001,ciprofloxacin,1,1,4,1
562.42718,grp_0001,ceftriaxone,1,1,0,1
562.42718,grp_0001,gentamicin,1,2,0,1
562.42724,grp_0010,ciprofloxacin,0,1,0,1
562.42724,grp_0010,ceftriaxone,1,1,0,1
562.42724,grp_0010,gentamicin,0,0,0,1
562.42725,grp_0001,ciprofloxacin,1,0,4,1
562.42725,grp_0001,ceftriaxone,1,1,0,1
562.42725,grp_0001,gentamicin,0,0,0,1
562.42732,grp_0010,ciprofloxacin,0,0,0,1
562.42732,grp_0010,ceftriaxone,1,1,0,1
562.42732,grp_0010,gentamicin,0,0,0,1
562.42738,grp_0001,ciprofloxacin,1,1,4,1
562.42738,grp_0001,ceftriaxone,1,1,0,1
562.42738,grp_0001,gentamicin,0,1,0,1
562.42739,grp_0001,ceftriaxone,1,1,0,1
562.42739,grp_0001,gentamicin,1,1,0,1
562.42740,grp_0030,ciprofloxacin,1,0,3,1
562.42740,grp_0030,ceftriaxone,1,1,0,1
562.42740,grp_0030,gentamicin,0,0,0,1
562.42743,grp_0007,ciprofloxacin,0,0,0,1
562.42743,grp_0007,ceftriaxone,1,1,0,1
562.42743,grp_0007,gentamicin,0,0,0,1
562.42755,grp_0001,ciprofloxacin,1,1,4,1
562.42755,grp_0001,ciprofloxacin,1,1,4,1
562.42755,grp_0001,ceftriaxone,1,1,0,1
562.42755,grp_0001,ceftriaxone,1,1,0,1
562.42755,grp_0001,gentamicin,0,1,0,1
562.42755,grp_0001,gentamicin,0,1,0,1
562.42759,grp_0010,ciprofloxacin,1,0,3,1
562.42759,grp_0010,gentamicin,0,0,0,1
562.42773,grp_0001,ciprofloxacin,1,1,4,1
562.42773,grp_0001,ceftriaxone,1,1,0,1
562.42773,grp_0001,gentamicin,1,2,0,1
562.42778,grp_0001,ciprofloxacin,0,0,2,1
562.42778,grp_0001,ceftriaxone,1,1,0,1
562.42778,grp_0001,gentamicin,1,1,0,1
562.42783,grp_0014,ciprofloxacin,1,1,3,1
562.42783,grp_0014,ceftriaxone,1,1,0,1
562.42783,grp_0014,gentamicin,1,2,0,1
562.42784,grp_0001,ciprofloxacin,1,1,4,1
562.42784,grp_0001,ceftriaxone,1,1,0,1
562.42784,grp_0001,gentamicin,1,2,0,1
562.42787,grp_0001,ciprofloxacin,1,1,4,1
562.42787,grp_0001,ceftriaxone,1,1,0,1
562.42787,grp_0001,gentamicin,0,1,0,1
562.42796,grp_0001,ciprofloxacin,0,0,0,1
562.42796,grp_0001,ceftriaxone,1,1,0,1
562.42796,grp_0001,gentamicin,0,0,0,1
562.42801,grp_0001,ciprofloxacin,1,1,4,1
562.42801,grp_0001,ceftriaxone,1,1,0,1
562.42801,grp_0001,gentamicin,1,2,0,1
562.42812,grp_0001,ciprofloxacin,1,1,4,1
562.42812,grp_0001,ceftriaxone,1,1,0,1
562.42812,grp_0001,gentamicin,1,2,0,1
562.42816,grp_0014,ciprofloxacin,1,1,3,1
562.42816,grp_0014,ceftriaxone,1,1,0,1
562.42816,grp_0014,gentamicin,0,1,0,1
562.42826,grp_0001,ciprofloxacin,1,0,4,1
562.42826,grp_0001,ceftriaxone,1,1,0,1
562.42830,grp_0006,ciprofloxacin,1,0,3,1
562.42830,grp_0006,ceftriaxone,1,1,0,1
562.42832,grp_0001,ciprofloxacin,1,0,4,1
562.42832,grp_0001,ceftriaxone,1,0,0,1
562.42832,grp_0001,gentamicin,0,0,0,1
562.42836,grp_0001,ciprofloxacin,0,0,1,1
562.42836,grp_0001,ceftriaxone,0,0,0,1
562.42836,grp_0001,gentamicin,1,1,0,1
562.42846,grp_0035,ciprofloxacin,0,0,0,1
562.42846,grp_0035,ceftriaxone,1,1,0,1
562.42846,grp_0035,gentamicin,0,0,0,1
562.42850,grp_0006,ciprofloxacin,1,1,3,1
562.42850,grp_0006,ceftriaxone,1,1,0,1
562.42850,grp_0006,gentamicin,0,1,0,1
562.42852,grp_0001,ciprofloxacin,1,0,4,1
562.42852,grp_0001,ceftriaxone,1,1,0,1
562.42852,grp_0001,gentamicin,0,0,0,1
562.42855,grp_0001,ciprofloxacin,1,0,4,1
562.42855,grp_0001,ceftriaxone,1,1,0,1
562.42855,grp_0001,gentamicin,0,0,0,1
562.42856,grp_0001,ciprofloxacin,0,0,0,1
562.42856,grp_0001,ceftriaxone,1,1,0,1
562.42856,grp_0001,gentamicin,0,0,0,1
562.42859,grp_0001,ciprofloxacin,1,0,4,1
562.42859,grp_0001,ceftriaxone,1,1,0,1
562.42859,grp_0001,gentamicin,0,0,0,1
562.42860,grp_0036,ciprofloxacin,0,0,0,1
562.42860,grp_0036,ceftriaxone,1,1,0,1
562.42860,grp_0036,gentamicin,0,0,0,1
562.42862,grp_0001,ciprofloxacin,1,0,4,1
562.42862,grp_0001,ceftriaxone,1,2,0,1
562.42862,grp_0001,gentamicin,0,0,0,1
562.42864,grp_0007,ciprofloxacin,1,0,3,1
562.42864,grp_0007,ceftriaxone,1,0,0,1
562.42864,grp_0007,gentamicin,0,0,0,1
562.42866,grp_0011,ciprofloxacin,1,0,3,1
562.42866,grp_0011,ceftriaxone,1,1,0,1
562.42866,grp_0011,gentamicin,1,1,0,1
562.45396,grp_0010,ciprofloxacin,1,0,3,1
562.45396,grp_0010,gentamicin,1,0,0,1
562.45589,grp_0010,ciprofloxacin,1,0,3,1
562.45589,grp_0010,ceftriaxone,0,0,0,1
562.45589,grp_0010,gentamicin,0,0,0,1
562.45595,grp_0010,ciprofloxacin,1,0,3,1
562.45595,grp_0010,ceftriaxone,0,0,0,1
562.45595,grp_0010,gentamicin,0,0,0,1
562.45601,grp_0010,ciprofloxacin,1,0,3,1
562.45601,grp_0010,ceftriaxone,0,0,0,1
562.45601,grp_0010,gentamicin,0,0,0,1
562.45604,grp_0028,ceftriaxone,0,0,0,1
562.45604,grp_0028,gentamicin,0,0,0,1
562.45611,grp_0010,ciprofloxacin,1,0,3,1
562.45611,grp_0010,ceftriaxone,0,0,0,1
562.45611,grp_0010,gentamicin,0,0,0,1
562.45612,grp_0010,ciprofloxacin,0,0,1,1
562.45612,grp_0010,ceftriaxone,0,0,0,1
562.45612,grp_0010,gentamicin,0,0,0,1
562.45615,grp_0006,ciprofloxacin,1,1,3,1
562.45615,grp_0006,ceftriaxone,1,1,0,1
562.45615,grp_0006,gentamicin,0,0,0,1
562.45617,grp_0010,ciprofloxacin,1,0,3,1
562.45617,grp_0010,ceftriaxone,0,0,0,1
562.45617,grp_0010,gentamicin,0,0,0,1
562.45624,grp_0037,ciprofloxacin,1,0,2,1
562.45624,grp_0037,ceftriaxone,0,0,0,1
562.45624,grp_0037,gentamicin,0,0,0,1
562.45633,grp_0038,ciprofloxacin,0,0,1,1
562.45633,grp_0038,ceftriaxone,0,0,0,1
562.45633,grp_0038,gentamicin,0,0,0,1
562.45636,grp_0010,ciprofloxacin,1,0,3,1
562.45636,grp_0010,ceftriaxone,0,0,0,1
562.45636,grp_0010,gentamicin,0,0,0,1
562.45639,grp_0039,ciprofloxacin,1,0,1,1
562.45639,grp_0039,ceftriaxone,0,0,0,1
562.45639,grp_0039,gentamicin,0,0,0,1
562.45646,grp_0010,ciprofloxacin,1,0,3,1
562.45646,grp_0010,ceftriaxone,0,0,0,1
562.45646,grp_0010,gentamicin,0,0,0,1
562.45656,grp_0028,ciprofloxacin,0,0,1,1
562.45656,grp_0028,ceftriaxone,0,0,0,1
562.45656,grp_0028,gentamicin,0,0,0,1
562.45665,grp_0014,ciprofloxacin,0,1,0,1
562.45665,grp_0014,ceftriaxone,0,0,0,1
562.45665,grp_0014,gentamicin,0,0,0,1
562.45671,grp_0010,ciprofloxacin,1,0,3,1
562.45671,grp_0010,ceftriaxone,0,0,0,1
562.45671,grp_0010,gentamicin,0,0,0,1
562.45672,grp_0014,ciprofloxacin,0,0,0,1
562.45672,grp_0014,ceftriaxone,0,0,0,1
562.45672,grp_0014,gentamicin,0,0,0,1
562.45675,grp_0010,ciprofloxacin,1,1,3,1
562.45675,grp_0010,ceftriaxone,0,0,0,1
562.45675,grp_0010,gentamicin,0,0,0,1
562.45846,grp_0040,ciprofloxacin,0,0,0,1
562.45846,grp_0040,ceftriaxone,1,1,0,1
562.45846,grp_0040,gentamicin,0,0,0,1
562.45848,grp_0041,ciprofloxacin,1,0,0,1
562.45848,grp_0041,ceftriaxone,1,0,0,1
562.45848,grp_0041,gentamicin,0,0,0,1
562.45910,grp_0001,ciprofloxacin,1,0,4,1
562.45910,grp_0001,ceftriaxone,1,2,0,1
562.45910,grp_0001,gentamicin,0,0,0,1
562.45916,grp_0001,ciprofloxacin,1,0,4,1
562.45916,grp_0001,ceftriaxone,1,1,0,1
562.45916,grp_0001,gentamicin,1,1,0,1
562.48345,grp_0006,ceftriaxone,1,1,0,1
562.48345,grp_0006,gentamicin,0,0,0,1
562.48348,grp_0006,ceftriaxone,1,1,0,1
562.48348,grp_0006,gentamicin,0,0,0,1
562.56775,grp_0007,ciprofloxacin,1,0,3,1
562.56850,grp_0027,ciprofloxacin,1,0,3,1
562.57082,grp_0001,ciprofloxacin,0,0,0,1
562.57082,grp_0001,gentamicin,1,3,0,1
562.57130,grp_0010,ciprofloxacin,0,0,1,1
562.57130,grp_0010,gentamicin,1,1,0,1
562.57140,grp_0009,ciprofloxacin,0,0,0,1
562.57140,grp_0009,gentamicin,0,0,0,1
562.57191,grp_0009,ciprofloxacin,0,0,0,1
562.57191,grp_0009,gentamicin,0,0,0,1
562.57192,grp_0014,ciprofloxacin,0,0,0,1
562.57192,grp_0014,gentamicin,1,0,0,1
562.57195,grp_0014,ciprofloxacin,0,0,0,1
562.57195,grp_0014,gentamicin,1,0,0,1
562.57201,grp_0014,ciprofloxacin,0,0,0,1
562.57201,grp_0014,gentamicin,1,0,0,1
562.57221,grp_0029,ciprofloxacin,1,0,4,1
562.57221,grp_0029,gentamicin,0,0,0,1
562.57253,grp_0030,ciprofloxacin,1,0,3,1
562.57253,grp_0030,gentamicin,1,1,0,1
562.57268,grp_0007,ciprofloxacin,1,1,4,1
562.57268,grp_0007,gentamicin,1,2,0,1
562.57271,grp_0030,ciprofloxacin,1,1,3,1
562.57271,grp_0030,gentamicin,1,3,0,1
562.57279,grp_0001,ciprofloxacin,1,1,4,1
562.57279,grp_0001,gentamicin,0,1,0,1
562.57292,grp_0014,ciprofloxacin,1,1,3,1
562.57292,grp_0014,gentamicin,1,2,0,1
562.57364,grp_0003,ciprofloxacin,0,1,0,1
562.57364,grp_0003,gentamicin,1,1,0,1
562.57368,grp_0014,ciprofloxacin,1,1,3,1
562.57368,grp_0014,gentamicin,1,1,0,1
562.57377,grp_0014,ciprofloxacin,0,1,0,1
562.57377,grp_0014,gentamicin,1,1,0,1
562.57404,grp_0014,ciprofloxacin,1,1,1,1
562.57404,grp_0014,gentamicin,1,1,0,1
562.57418,grp_0042,ciprofloxacin,0,1,0,1
562.57418,grp_0042,gentamicin,1,1,0,1
562.57420,grp_0043,ciprofloxacin,0,1,0,1
562.57420,grp_0043,gentamicin,1,1,0,1
562.57421,grp_0010,ciprofloxacin,0,0,0,1
562.57421,grp_0010,gentamicin,1,1,0,1
562.57428,grp_0014,ciprofloxacin,1,1,2,1
562.57428,grp_0014,gentamicin,1,1,0,1
562.57440,grp_0010,ciprofloxacin,1,0,3,1
562.57440,grp_0010,gentamicin,1,1,0,1
562.57450,grp_0044,ciprofloxacin,1,0,4,1
562.57450,grp_0044,gentamicin,1,1,0,1
562.57453,grp_0006,ciprofloxacin,1,0,3,1
562.57453,grp_0006,gentamicin,1,1,0,1
562.57463,grp_0029,ciprofloxacin,1,0,4,1
562.57463,grp_0029,gentamicin,1,1,0,1
562.57478,grp_0029,ciprofloxacin,1,0,4,1
562.57478,grp_0029,gentamicin,1,1,0,1
562.57479,grp_0007,ciprofloxacin,1,0,3,1
562.57479,grp_0007,gentamicin,1,1,0,1
562.57484,grp_0011,ciprofloxacin,1,1,3,1
562.57484,grp_0011,gentamicin,1,2,0,1
562.57503,grp_0001,ciprofloxacin,0,0,1,1
562.57503,grp_0001,gentamicin,1,1,0,1
562.57510,grp_0014,ciprofloxacin,1,1,1,1
562.57510,grp_0014,gentamicin,1,1,0,1
562.58627,grp_0001,ciprofloxacin,1,1,4,1
562.58627,grp_0001,ceftriaxone,1,1,0,1
562.58627,grp_0001,gentamicin,1,2,0,1
562.58628,grp_0010,ciprofloxacin,0,1,0,1
562.58628,grp_0010,ceftriaxone,1,1,0,1
562.58628,grp_0010,gentamicin,0,0,0,1
562.58643,grp_0014,ciprofloxacin,1,0,3,1
562.58643,grp_0014,ceftriaxone,1,1,0,1
562.58643,grp_0014,gentamicin,1,1,0,1
562.58648,grp_0042,ciprofloxacin,0,0,0,1
562.58648,grp_0042,ceftriaxone,1,0,0,1
562.58648,grp_0042,gentamicin,0,0,0,1
562.58651,grp_0004,ciprofloxacin,1,0,3,1
562.58651,grp_0004,ceftriaxone,0,0,0,1
562.58651,grp_0004,gentamicin,0,0,0,1
562.58724,grp_0042,ciprofloxacin,1,0,3,1
562.58724,grp_0042,gentamicin,1,1,0,1
562.58727,grp_0014,ciprofloxacin,1,1,0,1
562.58727,grp_0014,gentamicin,1,0,0,1
562.58743,grp_0010,ciprofloxacin,0,0,0,1
562.58743,grp_0010,gentamicin,0,0,0,1
562.58758,grp_0010,ciprofloxacin,0,0,0,1
562.58758,grp_0010,gentamicin,0,0,0,1
562.58775,grp_0006,ciprofloxacin,1,0,0,1
562.58775,grp_0006,ciprofloxacin,0,0,0,1
562.58775,grp_0006,ceftriaxone,1,0,0,1
562.58775,grp_0006,ceftriaxone,1,0,0,1
562.58775,grp_0006,gentamicin,1,0,0,1
562.58775,grp_0006,gentamicin,1,0,0,1
562.58778,grp_0010,ciprofloxacin,0,0,0,1
562.58778,grp_0010,ciprofloxacin,0,0,0,1
562.58778,grp_0010,ceftriaxone,0,0,0,1
562.58778,grp_0010,ceftriaxone,0,0,0,1
562.58778,grp_0010,gentamicin,0,0,0,1
562.58778,grp_0010,gentamicin,0,0,0,1
562.58780,grp_0010,ciprofloxacin,0,0,0,1
562.58780,grp_0010,ciprofloxacin,0,0,0,1
562.58780,grp_0010,ceftriaxone,0,0,0,1
562.58780,grp_0010,ceftriaxone,0,0,0,1
562.58780,grp_0010,gentamicin,0,0,0,1
562.58780,grp_0010,gentamicin,0,0,0,1
562.58783,grp_0014,ciprofloxacin,0,1,0,1
562.58783,grp_0014,ciprofloxacin,0,1,0,1
562.58783,grp_0014,ceftriaxone,0,0,0,1
562.58783,grp_0014,ceftriaxone,0,0,0,1
562.58783,grp_0014,gentamicin,0,0,0,1
562.58783,grp_0014,gentamicin,0,0,0,1
562.58784,grp_0010,ciprofloxacin,0,1,0,1
562.58784,grp_0010,ciprofloxacin,0,1,0,1
562.58784,grp_0010,ceftriaxone,0,0,0,1
562.58784,grp_0010,ceftriaxone,0,0,0,1
562.58784,grp_0010,gentamicin,0,0,0,1
562.58784,grp_0010,gentamicin,0,0,0,1
562.59219,grp_0001,ciprofloxacin,1,1,4,1
562.59219,grp_0001,gentamicin,1,2,0,1
562.65790,grp_0020,ciprofloxacin,1,0,3,1
562.65790,grp_0020,ciprofloxacin,1,0,3,1
562.65790,grp_0020,gentamicin,1,1,0,1
562.65805,grp_0006,ciprofloxacin,1,0,3,1
562.65805,grp_0006,gentamicin,1,1,0,1
562.73378,grp_0010,ciprofloxacin,1,0,3,1
562.7566,grp_0014,ciprofloxacin,0,0,0,1
562.7566,grp_0014,ciprofloxacin,0,0,0,1
562.7566,grp_0014,ceftriaxone,0,0,0,1
562.7566,grp_0014,ceftriaxone,0,0,0,1
562.7566,grp_0014,gentamicin,0,0,0,1
562.7566,grp_0014,gentamicin,0,0,0,1
562.7575,grp_0010,ciprofloxacin,0,0,0,1
562.7575,grp_0010,ciprofloxacin,0,0,0,1
562.7575,grp_0010,ceftriaxone,0,0,0,1
562.7575,grp_0010,ceftriaxone,0,0,0,1
562.7575,grp_0010,gentamicin,0,0,0,1
562.7575,grp_0010,gentamicin,0,0,0,1
562.7628,grp_0010,ciprofloxacin,0,0,0,1
562.7628,grp_0010,ciprofloxacin,0,0,0,1
562.7628,grp_0010,ceftriaxone,0,0,0,1
562.7628,grp_0010,ceftriaxone,0,0,0,1
562.7628,grp_0010,gentamicin,0,0,0,1
562.7628,grp_0010,gentamicin,0,0,0,1
562.7633,grp_0010,ciprofloxacin,0,0,0,1
562.7633,grp_0010,ciprofloxacin,0,0,0,1
562.7633,grp_0010,ceftriaxone,0,0,0,1
562.7633,grp_0010,ceftriaxone,0,0,0,1
562.7633,grp_0010,gentamicin,0,0,0,1
562.7633,grp_0010,gentamicin,0,0,0,1
562.7640,grp_0010,ciprofloxacin,0,0,1,1
562.7640,grp_0010,ciprofloxacin,0,0,1,1
562.7640,grp_0010,ceftriaxone,0,0,0,1
562.7640,grp_0010,ceftriaxone,0,0,0,1
562.7640,grp_0010,gentamicin,0,0,0,1
562.7640,grp_0010,gentamicin,0,0,0,1
562.7649,grp_0014,ciprofloxacin,0,0,0,1
562.7649,grp_0014,ciprofloxacin,0,0,0,1
562.7649,grp_0014,ceftriaxone,0,0,0,1
562.7649,grp_0014,ceftriaxone,0,0,0,1
562.7649,grp_0014,gentamicin,0,0,0,1
562.7649,grp_0014,gentamicin,0,0,0,1
562.7658,grp_0010,ciprofloxacin,0,0,0,1
562.7658,grp_0010,ciprofloxacin,0,0,0,1
562.7658,grp_0010,ceftriaxone,0,0,0,1
562.7658,grp_0010,ceftriaxone,0,0,0,1
562.7658,grp_0010,gentamicin,0,0,0,1
562.7658,grp_0010,gentamicin,0,0,0,1
562.7663,grp_0045,ciprofloxacin,0,0,0,1
562.7663,grp_0045,ciprofloxacin,0,0,0,1
562.7663,grp_0045,ceftriaxone,0,0,0,1
562.7663,grp_0045,ceftriaxone,0,0,0,1
562.7663,grp_0045,gentamicin,0,0,0,1
562.7663,grp_0045,gentamicin,0,0,0,1
562.7672,grp_0010,ciprofloxacin,0,0,0,1
562.7672,grp_0010,ciprofloxacin,0,0,0,1
562.7672,grp_0010,ceftriaxone,0,0,0,1
562.7672,grp_0010,ceftriaxone,0,0,0,1
562.7672,grp_0010,gentamicin,0,0,0,1
562.7672,grp_0010,gentamicin,0,0,0,1
562.7680,grp_0018,ciprofloxacin,0,0,0,1
562.7680,grp_0018,ciprofloxacin,0,0,0,1
562.7680,grp_0018,ceftriaxone,0,0,0,1
562.7680,grp_0018,ceftriaxone,0,0,0,1
562.7680,grp_0018,gentamicin,0,0,0,1
562.7680,grp_0018,gentamicin,0,0,0,1
562.7681,grp_0010,ciprofloxacin,0,0,0,1
562.7681,grp_0010,ciprofloxacin,0,0,0,1
562.7681,grp_0010,ceftriaxone,0,0,0,1
562.7681,grp_0010,ceftriaxone,0,0,0,1
562.7681,grp_0010,gentamicin,0,0,0,1
562.7681,grp_0010,gentamicin,0,0,0,1
562.7682,grp_0014,ciprofloxacin,0,0,0,1
562.7682,grp_0014,ciprofloxacin,0,0,0,1
562.7682,grp_0014,ceftriaxone,0,0,0,1
562.7682,grp_0014,ceftriaxone,0,0,0,1
562.7682,grp_0014,gentamicin,0,0,0,1
562.7682,grp_0014,gentamicin,0,0,0,1
562.7684,grp_0018,ciprofloxacin,0,0,0,1
562.7684,grp_0018,ciprofloxacin,0,0,0,1
562.7684,grp_0018,ceftriaxone,0,0,0,1
562.7684,grp_0018,ceftriaxone,0,0,0,1
562.7684,grp_0018,gentamicin,0,0,0,1
562.7684,grp_0018,gentamicin,0,0,0,1
562.7686,grp_0015,ciprofloxacin,0,1,0,1
562.7686,grp_0015,ciprofloxacin,0,1,0,1
562.7686,grp_0015,ceftriaxone,0,0,0,1
562.7686,grp_0015,ceftriaxone,0,0,0,1
562.7686,grp_0015,gentamicin,0,0,0,1
562.7686,grp_0015,gentamicin,0,0,0,1
562.7687,grp_0023,ciprofloxacin,0,0,0,1
562.7687,grp_0023,ciprofloxacin,0,0,0,1
562.7687,grp_0023,ceftriaxone,0,0,0,1
562.7687,grp_0023,ceftriaxone,0,0,0,1
562.7687,grp_0023,gentamicin,0,0,0,1
562.7687,grp_0023,gentamicin,0,0,0,1
562.7689,grp_0014,ciprofloxacin,0,0,0,1
562.7689,grp_0014,ciprofloxacin,0,0,0,1
562.7689,grp_0014,ceftriaxone,0,0,0,1
562.7689,grp_0014,ceftriaxone,0,0,0,1
562.7689,grp_0014,gentamicin,0,0,0,1
562.7689,grp_0014,gentamicin,0,0,0,1
562.7702,grp_0039,ciprofloxacin,0,0,0,1
562.7702,grp_0039,ciprofloxacin,0,0,0,1
562.7702,grp_0039,ceftriaxone,0,0,0,1
562.7702,grp_0039,ceftriaxone,0,0,0,1
562.7702,grp_0039,gentamicin,0,0,0,1
562.7702,grp_0039,gentamicin,0,0,0,1
562.7703,grp_0010,ciprofloxacin,1,0,3,1
562.7703,grp_0010,ciprofloxacin,1,0,3,1
562.7703,grp_0010,ceftriaxone,0,0,0,1
562.7703,grp_0010,ceftriaxone,0,0,0,1
562.7703,grp_0010,gentamicin,1,1,0,1
562.7703,grp_0010,gentamicin,1,1,0,1
562.7704,grp_0014,ciprofloxacin,0,0,0,1
562.7704,grp_0014,ciprofloxacin,0,0,0,1
562.7704,grp_0014,ceftriaxone,0,0,0,1
562.7704,grp_0014,ceftriaxone,0,0,0,1
562.7704,grp_0014,gentamicin,0,0,0,1
562.7704,grp_0014,gentamicin,0,0,0,1
562.7713,grp_0010,ciprofloxacin,0,0,0,1
562.7713,grp_0010,ciprofloxacin,0,0,0,1
562.7713,grp_0010,ceftriaxone,0,0,0,1
562.7713,grp_0010,ceftriaxone,0,0,0,1
562.7713,grp_0010,gentamicin,0,0,0,1
562.7713,grp_0010,gentamicin,0,0,0,1
562.7726,grp_0010,ciprofloxacin,0,0,0,1
562.7726,grp_0010,ciprofloxacin,0,0,0,1
562.7726,grp_0010,ceftriaxone,0,0,0,1
562.7726,grp_0010,ceftriaxone,0,0,0,1
562.7726,grp_0010,gentamicin,0,0,0,1
562.7726,grp_0010,gentamicin,0,0,0,1
562.7733,grp_0014,ciprofloxacin,0,0,0,1
562.7733,grp_0014,ciprofloxacin,0,0,0,1
562.7733,grp_0014,ceftriaxone,0,0,0,1
562.7733,grp_0014,ceftriaxone,0,0,0,1
562.7733,grp_0014,gentamicin,0,0,0,1
562.7733,grp_0014,gentamicin,0,0,0,1
562.7737,grp_0010,ciprofloxacin,0,0,0,1
562.7737,grp_0010,ciprofloxacin,0,0,0,1
562.7737,grp_0010,ceftriaxone,0,0,0,1
562.7737,grp_0010,ceftriaxone,0,0,0,1
562.7737,grp_0010,gentamicin,0,0,0,1
562.7737,grp_0010,gentamicin,0,0,0,1
562.7758,grp_0018,ciprofloxacin,0,0,0,1
562.7758,grp_0018,ciprofloxacin,0,0,0,1
562.7758,grp_0018,ceftriaxone,0,0,0,1
562.7758,grp_0018,ceftriaxone,0,0,0,1
562.7758,grp_0018,gentamicin,0,0,0,1
562.7758,grp_0018,gentamicin,0,0,0,1
562.7760,grp_0046,ciprofloxacin,0,0,0,1
562.7760,grp_0046,ciprofloxacin,0,0,0,1
562.7760,grp_0046,ceftriaxone,0,0,0,1
562.7760,grp_0046,ceftriaxone,0,0,0,1
562.7760,grp_0046,gentamicin,0,0,0,1
562.7760,grp_0046,gentamicin,0,0,0,1
562.7761,grp_0047,ciprofloxacin,0,0,0,1
562.7761,grp_0047,ciprofloxacin,0,0,0,1
562.7761,grp_0047,ceftriaxone,0,0,0,1
562.7761,grp_0047,ceftriaxone,0,0,0,1
562.7761,grp_0047,gentamicin,0,0,0,1
562.7761,grp_0047,gentamicin,0,0,0,1
562.7771,grp_0010,ciprofloxacin,1,0,3,1
562.7771,grp_0010,ciprofloxacin,1,0,3,1
562.7771,grp_0010,ceftriaxone,0,0,0,1
562.7771,grp_0010,ceftriaxone,0,0,0,1
562.7771,grp_0010,gentamicin,1,1,0,1
562.7771,grp_0010,gentamicin,1,1,0,1
562.7775,grp_0045,ciprofloxacin,1,0,3,1
562.7775,grp_0045,ciprofloxacin,1,0,3,1
562.7775,grp_0045,ceftriaxone,0,0,0,1
562.7775,grp_0045,ceftriaxone,0,0,0,1
562.7775,grp_0045,gentamicin,0,0,0,1
562.7775,grp_0045,gentamicin,0,0,0,1
562.7777,grp_0010,ciprofloxacin,0,0,0,1
562.7777,grp_0010,ciprofloxacin,0,0,0,1
562.7777,grp_0010,ceftriaxone,0,0,0,1
562.7777,grp_0010,ceftriaxone,0,0,0,1
562.7777,grp_0010,gentamicin,0,0,0,1
562.7777,grp_0010,gentamicin,0,0,0,1
562.7782,grp_0018,ciprofloxacin,0,0,1,1
562.7782,grp_0018,ciprofloxacin,0,0,1,1
562.7782,grp_0018,ceftriaxone,0,1,0,1
562.7782,grp_0018,ceftriaxone,0,1,0,1
562.7782,grp_0018,gentamicin,0,0,0,1
562.7782,grp_0018,gentamicin,0,0,0,1
562.7790,grp_0048,ciprofloxacin,0,0,0,1
562.7790,grp_0048,ciprofloxacin,0,0,0,1
562.7790,grp_0048,ceftriaxone,0,0,0,1
562.7790,grp_0048,ceftriaxone,0,0,0,1
562.7790,grp_0048,gentamicin,0,0,0,1
562.7790,grp_0048,gentamicin,0,0,0,1
562.96429,grp_0010,ciprofloxacin,1,0,3,1
562.96429,grp_0010,gentamicin,0,0,0,1
562.96454,grp_0001,ciprofloxacin,1,1,4,1
562.96454,grp_0001,gentamicin,1,2,0,1
562.96455,grp_0010,ciprofloxacin,0,0,0,1
562.96455,grp_0010,gentamicin,1,1,0,1
562.96463,grp_0001,ciprofloxacin,0,0,1,1
562.96463,grp_0001,gentamicin,1,1,0,1
562.96526,grp_0005,ciprofloxacin,0,0,0,1
562.96526,grp_0005,gentamicin,0,0,0,1
562.96596,grp_0010,ciprofloxacin,1,0,3,1
562.96596,grp_0010,gentamicin,0,0,0,1
562.96610,grp_0049,ciprofloxacin,0,0,0,1
562.96610,grp_0049,gentamicin,0,0,0,1
562.96638,grp_0001,ciprofloxacin,1,0,4,1
562.96638,grp_0001,gentamicin,0,0,0,1
562.96645,grp_0030,ciprofloxacin,1,0,3,1
562.96645,grp_0030,gentamicin,0,0,0,1
562.96662,grp_0004,ciprofloxacin,1,0,3,1
562.96662,grp_0004,gentamicin,1,1,0,1
562.96666,grp_0004,ciprofloxacin,1,0,3,1
562.96666,grp_0004,gentamicin,0,0,0,1
562.96677,grp_0001,ciprofloxacin,1,0,4,1
562.96677,grp_0001,gentamicin,0,0,0,1
562.96706,grp_0004,ciprofloxacin,1,0,3,1
562.96706,grp_0004,gentamicin,1,1,0,1
562.96717,grp_0050,ciprofloxacin,0,0,0,1
562.96717,grp_0050,gentamicin,0,0,0,1
562.96732,grp_0051,ciprofloxacin,0,0,1,1
562.96732,grp_0051,gentamicin,0,0,0,1
562.96738,grp_0010,ciprofloxacin,1,0,3,1
562.96738,grp_0010,gentamicin,0,0,0,1
562.96756,grp_0001,ciprofloxacin,0,0,1,1
562.96756,grp_0001,gentamicin,0,0,0,1
562.96772,grp_0001,ciprofloxacin,0,0,1,1
562.96772,grp_0001,gentamicin,0,0,0,1
562.96784,grp_0010,ciprofloxacin,1,0,3,1
562.96784,grp_0010,gentamicin,0,0,0,1
562.96788,grp_0010,ciprofloxacin,1,0,3,1
562.96788,grp_0010,gentamicin,0,0,0,1
562.96900,grp_0001,ciprofloxacin,1,1,4,1
562.96900,grp_0001,gentamicin,0,1,0,1
562.96919,grp_0001,ciprofloxacin,0,0,0,1
562.96919,grp_0001,gentamicin,0,0,0,1
562.96965,grp_0001,ciprofloxacin,1,1,4,1
562.96965,grp_0001,gentamicin,1,2,0,1
562.96971,grp_0030,ciprofloxacin,1,1,3,1
562.96971,grp_0030,gentamicin,1,2,0,1
562.96995,grp_0030,ciprofloxacin,1,1,3,1
562.96995,grp_0030,gentamicin,1,2,0,1
562.97020,grp_0010,ciprofloxacin,0,1,0,1
562.97020,grp_0010,gentamicin,0,0,0,1
562.97061,grp_0001,ciprofloxacin,1,1,4,1
562.97061,grp_0001,gentamicin,1,2,0,1
562.97067,grp_0010,ciprofloxacin,1,0,3,1
562.97067,grp_0010,gentamicin,0,0,0,1
562.97068,grp_0001,ciprofloxacin,1,1,4,1
562.97068,grp_0001,gentamicin,1,2,0,1
562.97071,grp_0001,ciprofloxacin,1,1,4,1
562.97071,grp_0001,gentamicin,1,2,0,1
562.97072,grp_0001,ciprofloxacin,1,1,4,1
562.97072,grp_0001,gentamicin,1,2,0,1
562.97074,grp_0001,ciprofloxacin,1,1,4,1
562.97074,grp_0001,gentamicin,1,2,0,1
562.97203,grp_0010,ciprofloxacin,0,0,0,1
562.97203,grp_0010,gentamicin,0,0,0,1
562.97222,grp_0010,ciprofloxacin,1,0,3,1
562.97222,grp_0010,gentamicin,0,0,0,1
562.97225,grp_0010,ciprofloxacin,1,0,3,1
562.97225,grp_0010,gentamicin,0,0,0,1
562.97234,grp_0010,ciprofloxacin,0,0,0,1
562.97234,grp_0010,gentamicin,0,0,0,1
562.97266,grp_0010,ciprofloxacin,1,0,3,1
562.97266,grp_0010,gentamicin,0,0,0,1
562.97287,grp_0001,ciprofloxacin,1,1,4,1
562.97287,grp_0001,gentamicin,1,2,0,1
562.97289,grp_0001,ciprofloxacin,1,1,4,1
562.97289,grp_0001,gentamicin,1,2,0,1
562.97352,grp_0028,ciprofloxacin,0,0,0,1
562.97352,grp_0028,gentamicin,0,0,0,1
562.97357,grp_0049,ciprofloxacin,1,0,3,1
562.97357,grp_0049,gentamicin,0,0,0,1
562.97405,grp_0001,ciprofloxacin,0,0,0,1
562.97405,grp_0001,gentamicin,0,0,0,1
562.97497,grp_0014,ciprofloxacin,1,0,3,1
562.97497,grp_0014,gentamicin,0,0,0,1
562.97801,grp_0009,ciprofloxacin,0,0,0,1
562.97801,grp_0009,gentamicin,0,0,0,1
562.97852,grp_0001,ciprofloxacin,0,0,0,1
562.97852,grp_0001,gentamicin,0,0,0,1
562.97986,grp_0003,ciprofloxacin,0,0,0,1
562.97986,grp_0003,gentamicin,0,0,0,1
562.97993,grp_0010,ciprofloxacin,0,0,0,1
562.97993,grp_0010,gentamicin,0,0,0,1
562.98064,grp_0001,ciprofloxacin,0,0,0,1
562.98064,grp_0001,gentamicin,0,0,0,1
562.98099,grp_0049,ciprofloxacin,0,0,0,1
562.98099,grp_0049,gentamicin,0,0,0,1
562.98113,grp_0009,ciprofloxacin,0,0,0,1
562.98113,grp_0009,gentamicin,0,0,0,1
562.98175,grp_0003,ciprofloxacin,0,0,0,1
562.98175,grp_0003,gentamicin,0,0,0,1
562.98181,grp_0009,ciprofloxacin,0,0,0,1
562.98181,grp_0009,gentamicin,0,0,0,1
562.98212,grp_0006,ciprofloxacin,1,0,3,1
562.98212,grp_0006,gentamicin,0,0,0,1
562.98219,grp_0031,ciprofloxacin,1,0,4,1
562.98219,grp_0031,gentamicin,0,0,0,1
562.98316,grp_0009,ciprofloxacin,0,0,0,1
562.98316,grp_0009,gentamicin,0,0,0,1
562.98326,grp_0005,ciprofloxacin,0,0,0,1
562.98326,grp_0005,gentamicin,0,0,0,1
562.98330,grp_0009,ciprofloxacin,0,0,0,1
562.98330,grp_0009,gentamicin,0,0,0,1
562.98348,grp_0014,gentamicin,1,1,0,1
562.98422,grp_0003,ciprofloxacin,0,0,0,1
562.98422,grp_0003,gentamicin,0,0,0,1
562.98437,grp_0001,ciprofloxacin,1,0,4,1
562.98437,grp_0001,gentamicin,1,1,0,1
562.98440,grp_0004,ciprofloxacin,0,0,0,1
562.98440,grp_0004,gentamicin,0,0,0,1
562.98442,grp_0014,ciprofloxacin,0,0,0,1
562.98442,grp_0014,gentamicin,0,0,0,1
562.98470,grp_0009,ciprofloxacin,0,0,0,1
562.98470,grp_0009,gentamicin,0,0,0,1
562.98490,grp_0052,ciprofloxacin,0,0,1,1
562.98490,grp_0052,gentamicin,0,0,0,1
562.98523,grp_0003,ciprofloxacin,0,0,0,1
562.98523,grp_0003,gentamicin,0,0,0,1
562.98545,grp_0001,ciprofloxacin,1,0,4,1
562.98545,grp_0001,gentamicin,1,1,0,1
562.98634,grp_0031,ciprofloxacin,1,0,4,1
562.98634,grp_0031,gentamicin,0,0,0,1
562.98642,grp_0001,ciprofloxacin,0,0,0,1
562.98642,grp_0001,gentamicin,0,0,0,1
562.98756,grp_0009,ciprofloxacin,0,0,0,1
562.98756,grp_0009,gentamicin,0,0,0,1
562.98787,grp_0005,ciprofloxacin,0,0,0,1
562.98787,grp_0005,gentamicin,0,0,0,1
562.98800,grp_0005,ciprofloxacin,0,0,0,1
562.98800,grp_0005,gentamicin,0,0,0,1
562.98839,grp_0021,ciprofloxacin,1,0,3,1
562.98839,grp_0021,gentamicin,0,0,0,1
562.98919,grp_0009,ciprofloxacin,0,0,0,1
562.98919,grp_0009,gentamicin,0,0,0,1
562.98931,grp_0011,ciprofloxacin,1,1,3,1
562.98931,grp_0011,gentamicin,1,2,0,1
562.98992,grp_0007,ciprofloxacin,0,0,1,1
562.98992,grp_0007,gentamicin,0,0,0,1
562.99022,grp_0009,ciprofloxacin,0,0,0,1
562.99022,grp_0009,gentamicin,0,0,0,1
562.99042,grp_0003,ciprofloxacin,0,0,0,1
562.99042,grp_0003,gentamicin,0,0,0,1
562.99080,grp_0009,ciprofloxacin,0,0,0,1
562.99080,grp_0009,gentamicin,0,0,0,1
562.99120,grp_0009,ciprofloxacin,0,0,0,1
562.99120,grp_0009,gentamicin,0,0,0,1
562.99122,grp_0014,ciprofloxacin,1,1,4,1
562.99122,grp_0014,gentamicin,1,2,0,1
562.99156,grp_0006,ciprofloxacin,1,0,0,1
562.99156,grp_0006,gentamicin,0,0,0,1
562.99206,grp_0001,ciprofloxacin,1,0,4,1
562.99206,grp_0001,gentamicin,0,0,0,1
562.99277,grp_0009,ciprofloxacin,0,0,0,1
562.99320,grp_0031,ciprofloxacin,1,0,4,1
562.99320,grp_0031,gentamicin,0,0,0,1
562.99322,grp_0009,ciprofloxacin,0,0,0,1
562.99322,grp_0009,gentamicin,1,1,0,1
562.99400,grp_0004,ciprofloxacin,1,0,3,1
562.99400,grp_0004,gentamicin,0,0,0,1
562.99437,grp_0009,ciprofloxacin,0,0,1,1
562.99437,grp_0009,gentamicin,0,0,0,1
562.99466,grp_0053,gentamicin,1,1,0,1
562.99495,grp_0008,ciprofloxacin,0,0,0,1
562.99495,grp_0008,gentamicin,0,0,0,1
562.99530,grp_0003,ciprofloxacin,0,0,0,1
562.99530,grp_0003,gentamicin,0,0,0,1
562.99640,grp_0054,ciprofloxacin,0,0,0,1
562.99640,grp_0054,gentamicin,0,0,0,1
562.99722,grp_0004,ciprofloxacin,0,0,0,1
562.99722,grp_0004,gentamicin,0,0,0,1
562.99727,grp_0001,ciprofloxacin,1,0,3,1
562.99727,grp_0001,gentamicin,1,1,0,1
562.99842,grp_0001,ciprofloxacin,1,0,4,1
562.99842,grp_0001,gentamicin,0,0,0,1
562.99894,grp_0005,ciprofloxacin,0,0,2,1
562.99894,grp_0005,gentamicin,0,0,0,1
